index	label
1	HIP-head-m-rh
2	HIP-head-l-rh
3	HIP-body-rh
4	HIP-tail-rh
5	THA-VPm-rh
6	THA-VPl-rh
7	THA-VAi-rh
8	THA-VAs-rh
9	THA-DAm-rh
10	THA-DAl-rh
11	PUT-VA-rh
12	PUT-DA-rh
13	PUT-VP-rh
14	PUT-DP-rh
15	CAU-VA-rh
16	CAU-DA-rh
17	CAU-body-rh
18	CAU-tail-rh
19	lAMY-rh
20	mAMY-rh
21	THA-DP-rh
22	NAc-shell-rh
23	NAc-core-rh
24	pGP-rh
25	aGP-rh
26	HIP-head-m-lh
27	HIP-head-l-lh
28	HIP-body-lh
29	HIP-tail-lh
30	THA-VPm-lh
31	THA-VPl-lh
32	THA-VAi-lh
33	THA-VAs-lh
34	THA-DAm-lh
35	THA-DAl-lh
36	PUT-VA-lh
37	PUT-DA-lh
38	PUT-VP-lh
39	PUT-DP-lh
40	CAU-VA-lh
41	CAU-DA-lh
42	CAU-body-lh
43	CAU-tail-lh
44	lAMY-lh
45	mAMY-lh
46	THA-DP-lh
47	NAc-shell-lh
48	NAc-core-lh
49	pGP-lh
50	aGP-lh
51	7Networks_LH_Vis_1
52	7Networks_LH_Vis_2
53	7Networks_LH_Vis_3
54	7Networks_LH_Vis_4
55	7Networks_LH_Vis_5
56	7Networks_LH_Vis_6
57	7Networks_LH_Vis_7
58	7Networks_LH_Vis_8
59	7Networks_LH_Vis_9
60	7Networks_LH_Vis_10
61	7Networks_LH_Vis_11
62	7Networks_LH_Vis_12
63	7Networks_LH_Vis_13
64	7Networks_LH_Vis_14
65	7Networks_LH_Vis_15
66	7Networks_LH_Vis_16
67	7Networks_LH_Vis_17
68	7Networks_LH_Vis_18
69	7Networks_LH_Vis_19
70	7Networks_LH_Vis_20
71	7Networks_LH_Vis_21
72	7Networks_LH_Vis_22
73	7Networks_LH_Vis_23
74	7Networks_LH_Vis_24
75	7Networks_LH_Vis_25
76	7Networks_LH_Vis_26
77	7Networks_LH_Vis_27
78	7Networks_LH_Vis_28
79	7Networks_LH_Vis_29
80	7Networks_LH_Vis_30
81	7Networks_LH_Vis_31
82	7Networks_LH_SomMot_1
83	7Networks_LH_SomMot_2
84	7Networks_LH_SomMot_3
85	7Networks_LH_SomMot_4
86	7Networks_LH_SomMot_5
87	7Networks_LH_SomMot_6
88	7Networks_LH_SomMot_7
89	7Networks_LH_SomMot_8
90	7Networks_LH_SomMot_9
91	7Networks_LH_SomMot_10
92	7Networks_LH_SomMot_11
93	7Networks_LH_SomMot_12
94	7Networks_LH_SomMot_13
95	7Networks_LH_SomMot_14
96	7Networks_LH_SomMot_15
97	7Networks_LH_SomMot_16
98	7Networks_LH_SomMot_17
99	7Networks_LH_SomMot_18
100	7Networks_LH_SomMot_19
101	7Networks_LH_SomMot_20
102	7Networks_LH_SomMot_21
103	7Networks_LH_SomMot_22
104	7Networks_LH_SomMot_23
105	7Networks_LH_SomMot_24
106	7Networks_LH_SomMot_25
107	7Networks_LH_SomMot_26
108	7Networks_LH_SomMot_27
109	7Networks_LH_SomMot_28
110	7Networks_LH_SomMot_29
111	7Networks_LH_SomMot_30
112	7Networks_LH_SomMot_31
113	7Networks_LH_SomMot_32
114	7Networks_LH_SomMot_33
115	7Networks_LH_SomMot_34
116	7Networks_LH_SomMot_35
117	7Networks_LH_SomMot_36
118	7Networks_LH_SomMot_37
119	7Networks_LH_DorsAttn_Post_1
120	7Networks_LH_DorsAttn_Post_2
121	7Networks_LH_DorsAttn_Post_3
122	7Networks_LH_DorsAttn_Post_4
123	7Networks_LH_DorsAttn_Post_5
124	7Networks_LH_DorsAttn_Post_6
125	7Networks_LH_DorsAttn_Post_7
126	7Networks_LH_DorsAttn_Post_8
127	7Networks_LH_DorsAttn_Post_9
128	7Networks_LH_DorsAttn_Post_10
129	7Networks_LH_DorsAttn_Post_11
130	7Networks_LH_DorsAttn_Post_12
131	7Networks_LH_DorsAttn_Post_13
132	7Networks_LH_DorsAttn_Post_14
133	7Networks_LH_DorsAttn_Post_15
134	7Networks_LH_DorsAttn_Post_16
135	7Networks_LH_DorsAttn_Post_17
136	7Networks_LH_DorsAttn_FEF_1
137	7Networks_LH_DorsAttn_FEF_2
138	7Networks_LH_DorsAttn_FEF_3
139	7Networks_LH_DorsAttn_FEF_4
140	7Networks_LH_DorsAttn_PrCv_1
141	7Networks_LH_DorsAttn_PrCv_2
142	7Networks_LH_SalVentAttn_ParOper_1
143	7Networks_LH_SalVentAttn_ParOper_2
144	7Networks_LH_SalVentAttn_ParOper_3
145	7Networks_LH_SalVentAttn_ParOper_4
146	7Networks_LH_SalVentAttn_TempOcc_1
147	7Networks_LH_SalVentAttn_FrOperIns_1
148	7Networks_LH_SalVentAttn_FrOperIns_2
149	7Networks_LH_SalVentAttn_FrOperIns_3
150	7Networks_LH_SalVentAttn_FrOperIns_4
151	7Networks_LH_SalVentAttn_FrOperIns_5
152	7Networks_LH_SalVentAttn_FrOperIns_6
153	7Networks_LH_SalVentAttn_FrOperIns_7
154	7Networks_LH_SalVentAttn_FrOperIns_8
155	7Networks_LH_SalVentAttn_FrOperIns_9
156	7Networks_LH_SalVentAttn_PFCl_1
157	7Networks_LH_SalVentAttn_Med_1
158	7Networks_LH_SalVentAttn_Med_2
159	7Networks_LH_SalVentAttn_Med_3
160	7Networks_LH_SalVentAttn_Med_4
161	7Networks_LH_SalVentAttn_Med_5
162	7Networks_LH_SalVentAttn_Med_6
163	7Networks_LH_SalVentAttn_Med_7
164	7Networks_LH_Limbic_OFC_1
165	7Networks_LH_Limbic_OFC_2
166	7Networks_LH_Limbic_OFC_3
167	7Networks_LH_Limbic_OFC_4
168	7Networks_LH_Limbic_OFC_5
169	7Networks_LH_Limbic_TempPole_1
170	7Networks_LH_Limbic_TempPole_2
171	7Networks_LH_Limbic_TempPole_3
172	7Networks_LH_Limbic_TempPole_4
173	7Networks_LH_Limbic_TempPole_5
174	7Networks_LH_Limbic_TempPole_6
175	7Networks_LH_Limbic_TempPole_7
176	7Networks_LH_Limbic_TempPole_8
177	7Networks_LH_Cont_Par_1
178	7Networks_LH_Cont_Par_2
179	7Networks_LH_Cont_Par_3
180	7Networks_LH_Cont_Par_4
181	7Networks_LH_Cont_Par_5
182	7Networks_LH_Cont_Par_6
183	7Networks_LH_Cont_Temp_1
184	7Networks_LH_Cont_OFC_1
185	7Networks_LH_Cont_PFCl_1
186	7Networks_LH_Cont_PFCl_2
187	7Networks_LH_Cont_PFCl_3
188	7Networks_LH_Cont_PFCl_4
189	7Networks_LH_Cont_PFCl_5
190	7Networks_LH_Cont_PFCl_6
191	7Networks_LH_Cont_PFCl_7
192	7Networks_LH_Cont_PFCl_8
193	7Networks_LH_Cont_PFCv_1
194	7Networks_LH_Cont_pCun_1
195	7Networks_LH_Cont_pCun_2
196	7Networks_LH_Cont_Cing_1
197	7Networks_LH_Cont_Cing_2
198	7Networks_LH_Cont_PFCmp_1
199	7Networks_LH_Default_Temp_1
200	7Networks_LH_Default_Temp_2
201	7Networks_LH_Default_Temp_3
202	7Networks_LH_Default_Temp_4
203	7Networks_LH_Default_Temp_5
204	7Networks_LH_Default_Temp_6
205	7Networks_LH_Default_Temp_7
206	7Networks_LH_Default_Temp_8
207	7Networks_LH_Default_Temp_9
208	7Networks_LH_Default_Temp_10
209	7Networks_LH_Default_Par_1
210	7Networks_LH_Default_Par_2
211	7Networks_LH_Default_Par_3
212	7Networks_LH_Default_Par_4
213	7Networks_LH_Default_Par_5
214	7Networks_LH_Default_Par_6
215	7Networks_LH_Default_Par_7
216	7Networks_LH_Default_PFC_1
217	7Networks_LH_Default_PFC_2
218	7Networks_LH_Default_PFC_3
219	7Networks_LH_Default_PFC_4
220	7Networks_LH_Default_PFC_5
221	7Networks_LH_Default_PFC_6
222	7Networks_LH_Default_PFC_7
223	7Networks_LH_Default_PFC_8
224	7Networks_LH_Default_PFC_9
225	7Networks_LH_Default_PFC_10
226	7Networks_LH_Default_PFC_11
227	7Networks_LH_Default_PFC_12
228	7Networks_LH_Default_PFC_13
229	7Networks_LH_Default_PFC_14
230	7Networks_LH_Default_PFC_15
231	7Networks_LH_Default_PFC_16
232	7Networks_LH_Default_PFC_17
233	7Networks_LH_Default_PFC_18
234	7Networks_LH_Default_PFC_19
235	7Networks_LH_Default_PFC_20
236	7Networks_LH_Default_PFC_21
237	7Networks_LH_Default_PFC_22
238	7Networks_LH_Default_PFC_23
239	7Networks_LH_Default_PFC_24
240	7Networks_LH_Default_pCunPCC_1
241	7Networks_LH_Default_pCunPCC_2
242	7Networks_LH_Default_pCunPCC_3
243	7Networks_LH_Default_pCunPCC_4
244	7Networks_LH_Default_pCunPCC_5
245	7Networks_LH_Default_pCunPCC_6
246	7Networks_LH_Default_pCunPCC_7
247	7Networks_LH_Default_pCunPCC_8
248	7Networks_LH_Default_pCunPCC_9
249	7Networks_LH_Default_pCunPCC_10
250	7Networks_LH_Default_pCunPCC_11
251	7Networks_RH_Vis_1
252	7Networks_RH_Vis_2
253	7Networks_RH_Vis_3
254	7Networks_RH_Vis_4
255	7Networks_RH_Vis_5
256	7Networks_RH_Vis_6
257	7Networks_RH_Vis_7
258	7Networks_RH_Vis_8
259	7Networks_RH_Vis_9
260	7Networks_RH_Vis_10
261	7Networks_RH_Vis_11
262	7Networks_RH_Vis_12
263	7Networks_RH_Vis_13
264	7Networks_RH_Vis_14
265	7Networks_RH_Vis_15
266	7Networks_RH_Vis_16
267	7Networks_RH_Vis_17
268	7Networks_RH_Vis_18
269	7Networks_RH_Vis_19
270	7Networks_RH_Vis_20
271	7Networks_RH_Vis_21
272	7Networks_RH_Vis_22
273	7Networks_RH_Vis_23
274	7Networks_RH_Vis_24
275	7Networks_RH_Vis_25
276	7Networks_RH_Vis_26
277	7Networks_RH_Vis_27
278	7Networks_RH_Vis_28
279	7Networks_RH_Vis_29
280	7Networks_RH_Vis_30
281	7Networks_RH_SomMot_1
282	7Networks_RH_SomMot_2
283	7Networks_RH_SomMot_3
284	7Networks_RH_SomMot_4
285	7Networks_RH_SomMot_5
286	7Networks_RH_SomMot_6
287	7Networks_RH_SomMot_7
288	7Networks_RH_SomMot_8
289	7Networks_RH_SomMot_9
290	7Networks_RH_SomMot_10
291	7Networks_RH_SomMot_11
292	7Networks_RH_SomMot_12
293	7Networks_RH_SomMot_13
294	7Networks_RH_SomMot_14
295	7Networks_RH_SomMot_15
296	7Networks_RH_SomMot_16
297	7Networks_RH_SomMot_17
298	7Networks_RH_SomMot_18
299	7Networks_RH_SomMot_19
300	7Networks_RH_SomMot_20
301	7Networks_RH_SomMot_21
302	7Networks_RH_SomMot_22
303	7Networks_RH_SomMot_23
304	7Networks_RH_SomMot_24
305	7Networks_RH_SomMot_25
306	7Networks_RH_SomMot_26
307	7Networks_RH_SomMot_27
308	7Networks_RH_SomMot_28
309	7Networks_RH_SomMot_29
310	7Networks_RH_SomMot_30
311	7Networks_RH_SomMot_31
312	7Networks_RH_SomMot_32
313	7Networks_RH_SomMot_33
314	7Networks_RH_SomMot_34
315	7Networks_RH_SomMot_35
316	7Networks_RH_SomMot_36
317	7Networks_RH_SomMot_37
318	7Networks_RH_SomMot_38
319	7Networks_RH_SomMot_39
320	7Networks_RH_SomMot_40
321	7Networks_RH_DorsAttn_Post_1
322	7Networks_RH_DorsAttn_Post_2
323	7Networks_RH_DorsAttn_Post_3
324	7Networks_RH_DorsAttn_Post_4
325	7Networks_RH_DorsAttn_Post_5
326	7Networks_RH_DorsAttn_Post_6
327	7Networks_RH_DorsAttn_Post_7
328	7Networks_RH_DorsAttn_Post_8
329	7Networks_RH_DorsAttn_Post_9
330	7Networks_RH_DorsAttn_Post_10
331	7Networks_RH_DorsAttn_Post_11
332	7Networks_RH_DorsAttn_Post_12
333	7Networks_RH_DorsAttn_Post_13
334	7Networks_RH_DorsAttn_Post_14
335	7Networks_RH_DorsAttn_Post_15
336	7Networks_RH_DorsAttn_Post_16
337	7Networks_RH_DorsAttn_Post_17
338	7Networks_RH_DorsAttn_Post_18
339	7Networks_RH_DorsAttn_Post_19
340	7Networks_RH_DorsAttn_FEF_1
341	7Networks_RH_DorsAttn_FEF_2
342	7Networks_RH_DorsAttn_FEF_3
343	7Networks_RH_DorsAttn_PrCv_1
344	7Networks_RH_SalVentAttn_TempOccPar_1
345	7Networks_RH_SalVentAttn_TempOccPar_2
346	7Networks_RH_SalVentAttn_TempOccPar_3
347	7Networks_RH_SalVentAttn_TempOccPar_4
348	7Networks_RH_SalVentAttn_TempOccPar_5
349	7Networks_RH_SalVentAttn_TempOccPar_6
350	7Networks_RH_SalVentAttn_TempOccPar_7
351	7Networks_RH_SalVentAttn_PrC_1
352	7Networks_RH_SalVentAttn_FrOperIns_1
353	7Networks_RH_SalVentAttn_FrOperIns_2
354	7Networks_RH_SalVentAttn_FrOperIns_3
355	7Networks_RH_SalVentAttn_FrOperIns_4
356	7Networks_RH_SalVentAttn_FrOperIns_5
357	7Networks_RH_SalVentAttn_FrOperIns_6
358	7Networks_RH_SalVentAttn_FrOperIns_7
359	7Networks_RH_SalVentAttn_FrOperIns_8
360	7Networks_RH_SalVentAttn_PFCl_1
361	7Networks_RH_SalVentAttn_Med_1
362	7Networks_RH_SalVentAttn_Med_2
363	7Networks_RH_SalVentAttn_Med_3
364	7Networks_RH_SalVentAttn_Med_4
365	7Networks_RH_SalVentAttn_Med_5
366	7Networks_RH_SalVentAttn_Med_6
367	7Networks_RH_SalVentAttn_Med_7
368	7Networks_RH_SalVentAttn_Med_8
369	7Networks_RH_Limbic_OFC_1
370	7Networks_RH_Limbic_OFC_2
371	7Networks_RH_Limbic_OFC_3
372	7Networks_RH_Limbic_OFC_4
373	7Networks_RH_Limbic_OFC_5
374	7Networks_RH_Limbic_OFC_6
375	7Networks_RH_Limbic_TempPole_1
376	7Networks_RH_Limbic_TempPole_2
377	7Networks_RH_Limbic_TempPole_3
378	7Networks_RH_Limbic_TempPole_4
379	7Networks_RH_Limbic_TempPole_5
380	7Networks_RH_Limbic_TempPole_6
381	7Networks_RH_Limbic_TempPole_7
382	7Networks_RH_Cont_Par_1
383	7Networks_RH_Cont_Par_2
384	7Networks_RH_Cont_Par_3
385	7Networks_RH_Cont_Par_4
386	7Networks_RH_Cont_Par_5
387	7Networks_RH_Cont_Par_6
388	7Networks_RH_Cont_Temp_1
389	7Networks_RH_Cont_Temp_2
390	7Networks_RH_Cont_PFCv_1
391	7Networks_RH_Cont_PFCl_1
392	7Networks_RH_Cont_PFCl_2
393	7Networks_RH_Cont_PFCl_3
394	7Networks_RH_Cont_PFCl_4
395	7Networks_RH_Cont_PFCl_5
396	7Networks_RH_Cont_PFCl_6
397	7Networks_RH_Cont_PFCl_7
398	7Networks_RH_Cont_PFCl_8
399	7Networks_RH_Cont_PFCl_9
400	7Networks_RH_Cont_PFCl_10
401	7Networks_RH_Cont_PFCl_11
402	7Networks_RH_Cont_PFCl_12
403	7Networks_RH_Cont_PFCl_13
404	7Networks_RH_Cont_PFCl_14
405	7Networks_RH_Cont_PFCl_15
406	7Networks_RH_Cont_pCun_1
407	7Networks_RH_Cont_pCun_2
408	7Networks_RH_Cont_Cing_1
409	7Networks_RH_Cont_Cing_2
410	7Networks_RH_Cont_PFCmp_1
411	7Networks_RH_Cont_PFCmp_2
412	7Networks_RH_Default_Par_1
413	7Networks_RH_Default_Par_2
414	7Networks_RH_Default_Par_3
415	7Networks_RH_Default_Par_4
416	7Networks_RH_Default_Par_5
417	7Networks_RH_Default_Temp_1
418	7Networks_RH_Default_Temp_2
419	7Networks_RH_Default_Temp_3
420	7Networks_RH_Default_Temp_4
421	7Networks_RH_Default_Temp_5
422	7Networks_RH_Default_Temp_6
423	7Networks_RH_Default_Temp_7
424	7Networks_RH_Default_Temp_8
425	7Networks_RH_Default_PFCv_1
426	7Networks_RH_Default_PFCv_2
427	7Networks_RH_Default_PFCv_3
428	7Networks_RH_Default_PFCv_4
429	7Networks_RH_Default_PFCdPFCm_1
430	7Networks_RH_Default_PFCdPFCm_2
431	7Networks_RH_Default_PFCdPFCm_3
432	7Networks_RH_Default_PFCdPFCm_4
433	7Networks_RH_Default_PFCdPFCm_5
434	7Networks_RH_Default_PFCdPFCm_6
435	7Networks_RH_Default_PFCdPFCm_7
436	7Networks_RH_Default_PFCdPFCm_8
437	7Networks_RH_Default_PFCdPFCm_9
438	7Networks_RH_Default_PFCdPFCm_10
439	7Networks_RH_Default_PFCdPFCm_11
440	7Networks_RH_Default_PFCdPFCm_12
441	7Networks_RH_Default_PFCdPFCm_13
442	7Networks_RH_Default_pCunPCC_1
443	7Networks_RH_Default_pCunPCC_2
444	7Networks_RH_Default_pCunPCC_3
445	7Networks_RH_Default_pCunPCC_4
446	7Networks_RH_Default_pCunPCC_5
447	7Networks_RH_Default_pCunPCC_6
448	7Networks_RH_Default_pCunPCC_7
449	7Networks_RH_Default_pCunPCC_8
450	7Networks_RH_Default_pCunPCC_9
